施設名,エリア,地名,住所
BIKEN　瀬戸事業所,香川県,観音寺市,瀬戸町4-1-70
HIKARI CLINIC,岡山県,岡山市,下石井2丁目1-18
HIKARI CLINIC,香川県,高松市,十川東町55-1
HIKARICLINIC,岡山県,岡山市,下石井2丁目1-18
JA広島総合病院,広島県,廿日市市,地御前1-3-3
ＪＡ徳島厚生連　吉野川医療センター,徳島県,吉野川市,鴨島町知恵島字西知恵島120
JA高知病院,高知県,南国市,見字中野526-1
ＪＡ高知病院,高知県,南国市,見字中野526-1
ＪＲ広島病院,広島県,広島市,二葉の里3-1-38
ＫＫＲ高松病院,香川県,高松市,天神前4-18
ＮＴＴ西日本高松診療所,香川県,高松市,観光町649-8
TKS-01,徳島県,海部郡,熟田字向ヶ谷12
あおい小児科,愛媛県,今治市,東村5-9-37
あかね会　土谷総合病院,広島県,広島市,中島町６－１
あきやまクリニック,香川県,高松市,香川町大野459－5
あまのクリニック,広島県,廿日市市,串戸5-1-37
あやめ内科,山口県,下関市,本町1-1-20
いしい記念病院,山口県,岩国市,多田3丁目102-1
いしづち眼科,愛媛県,新居浜市,庄内町1-8-30
いずみの病院,高知県,高知市,薊野北町2-10-53
いちえ会伊月病院,徳島県,徳島市,徳島町2-54
いとうわんぱくクリニック,香川県,高松市,楠上町2-3-15
いとう小児科,愛媛県,松山市,土居町805-1
いのうえ内科脳神経クリニック,広島県,広島市,舟入川口町5-7
いのうえ小児科医院,島根県,出雲市,斐川町上直江982-2
いのくまこどもクリニック,山口県,宇部市,大字西岐波大沢4535-5
いの町立国民健康保険仁淀病院,高知県,吾川郡,1369
いまいこどもファミリークリニック,香川県,高松市,新田町甲658-7
いわたにこどもクリニック,山口県,萩市,椿東2972-1
いわもと耳鼻咽喉科,島根県,松江市,春日町188-1
ウィメンズクリニックかみむら,岡山県,岡山市,北区本町４－１８　コア本町３F
うえおか動物病院,広島県,広島市,吉島東2-18-11
うぐもり耳鼻咽喉科,愛媛県,松山市,余戸西３丁目１０－２５
うめだ小児科医院,山口県,下関市,長府東侍町5-45
オーエヌ会　ふたばクリニック,高知県,高知市,役知町15-7
おおさき小児クリニック,広島県,廿日市市,阿品3-1-6
おおたにこどもファミリークリニック,鳥取県,鳥取市,国府町新通り3-301-1
おおつ内科クリニック,島根県,出雲市,大津町1708-9
おかもと整形外科クリニック,広島県,広島市,温品7-5-26
おさふねクリニック,岡山県,瀬戸内市,長船町土師332-1
おだうじ会　小田病院,岡山県,井原市,井原町５８２
おひさまこどもクリニック,広島県,福山市,御幸町森脇426-1
オリーブ高松メディカルクリニック,香川県,高松市,観光町649-8
かがわ総合リハビリテーションセンター,香川県,高松市,田村町1114
かくれんぼ小児科・アレルギー科,広島県,広島市,東雲本町２丁目６－３２
かわかみ整形外科・小児科クリニック,山口県,宇部市,野原1-5-5
かわはらこどもクリニック,広島県,東広島市,西条中央7-3-45
きぬた小児科,広島県,福山市,神辺町大字川南960-3
きらきらこどもクリニック,広島県,安芸郡,窪町1-23
くぼ小児科クリニック,徳島県,板野郡,北島町鯛浜字向95-1
くまがい眼科,山口県,宇部市,東岐波花園2129-1
くらたこどもクリニック,島根県,松江市,東朝日町232-10
クリニック　ソフィア,岡山県,倉敷市,昭和2-2-44　キングズガーデンビル2F
クリニックひろと,高知県,高知市,長浜4823
くるみクリニック,香川県,仲多度郡,多度津町北鴨2-5-3
高知大学医学部附属病院,高知県,南国市,岡豊町小蓮185－1
コープリハビリテーション病院,岡山県,倉敷市,水島北春日町4-3
こうせいこどもクリニック,高知県,高知市,葛島2-6-30
こかわ医院,徳島県,徳島市,寺島本町西1-15
こくぶ脳外科・内科クリニック,香川県,高松市,国分寺町福家甲3812－1
こころホスピタル草津,広島県,広島市,草津梅が台１０－１
ごとうクリニック,岡山県,岡山市,大供 1丁目 2-15ダイヤモンドフォーラム大供201
ごとう小児科,愛媛県,松山市,大手町2-7-11
こどもクリニックえくぼ,岡山県,岡山市,東区瀬戸町旭ヶ丘4-2-36
こども発達医療センター,広島県,福山市,三吉町南2-11-22
こども発達支援センター,広島県,福山市,三吉町南2-11-22
こまざわ小児科医院,岡山県,備前市,伊部400-8
ざいつ内科クリニック,山口県,山口市,小郡下郷1216-2
さいとう小児科,広島県,福山市,宝町5-24
さくま内科･脳神経内科クリニック,鳥取県,米子市,長砂町59-1
さくらの木ファミリークリニック,広島県,広島市,福島町２丁目２４番２７－２
さくらの里だいいちリハビリテーション病院,高知県,高知市,九反田２－１４
サザンクリニック整形外科・内科,広島県,広島市,江波本町5-28
さぬき市民病院,香川県,さぬき市,寒川町石田東甲387-1
さわだ耳鼻咽喉科・眼科,高知県,高知市,福井町1734-5
サン・クリニック,岡山県,岡山市,中井2-15-13
しげい病院,岡山県,倉敷市,幸町２−３０
しげのぶ整形外科リウマチ・リハビリＣＬ,広島県,広島市,段原南 1-3-53
しのはら小児クリニック,広島県,広島市,井口3-13-5
しみずこどもクリニック,広島県,広島市,祇園3-12-12-2
しらお小児科・アレルギー科クリニック,広島県,広島市,東雲本町2丁目6-32
しらかわ小児科医院,香川県,高松市,一宮町97-7
しらね眼科,広島県,安芸郡,鶴江1-25-20
シルバーマリン,高知県,高知市,仁井田1612-21
すがはら小児科アレルギー科クリニック,広島県,広島市,西原8-1-13
すくすくクリニックこにし,香川県,木田郡,三木町氷上206
すこやかこどもクリニック,岡山県,岡山市,南区福成1-179-8
すずえこどもクリニック,徳島県,徳島市,八万町沖須賀21-1
せきもとクリニック,広島県,福山市,西新涯町2-10-12
せきもとクリニック,広島県,福山市,西新涯町２丁目１０－１２
せのお小児科医院,鳥取県,東伯郡,琴浦町大字赤碕1984-10
セントラルシティ病院,岡山県,岡山市,南区筑港栄町19-30
たお内科クリニック,山口県,宇部市,島2-4-11
たかおか小児科,愛媛県,松山市,竹原町1-3-8
タキモト動物病院,岡山県,倉敷市,玉島1367-15
たなか内科クリニック,愛媛県,新居浜市,中萩町1-38
たなべ小児クリニック,広島県,廿日市市,下平良山手11-11
たなべ小児科,広島県,廿日市市,平良山手11-11
たにぐち小児クリニック,広島県,広島市,中山東2-2-9
たはらクリニック,山口県,山口市,後河原47
チクバ外科・胃腸科・肛門科病院,岡山県,倉敷市,林2217
ちゃたに脳神経すいみんクリニック,広島県,広島市,大手町5-7-3
ちゃたに脳神経すいみんクリニック,広島県,広島市,大手町５－７－３
ツカザキ病院,兵庫県,姫路市,網干区和久68-1
つくし会　南国病院,高知県,南国市,大そね甲1479-3
つじ心療内科,広島県,広島市,東原1-1-2
つるぎ町立半田病院,徳島県,美馬郡,つるぎ町半田字中藪234-1
つるぎ町立半田病院　外科,徳島県,美馬郡,つるぎ町半田字中薮234-1
なかとう内科小児科医院,岡山県,岡山市,中区平井3-874-40
なかの皮フ科,広島県,広島市,千田町1-3-3
なかはまハートクリニック,広島県,府中市,高木町658-1
なかふかわ小児科,広島県,広島市,深川５丁目２３−１
ながみつクリニック,山口県,防府市,中央町9-41
なかむらこどもクリニック,愛媛県,松山市,西垣生町818
なかよし小児科,広島県,福山市,引野町4-22-19
にしかわクリニック,香川県,善通寺市,木徳町1073-6
にしの内科クリニック循環器・心療内科,高知県,高知市,百石町2丁目29-16
にしの内科クリニック循環器・心臓内科,高知県,高知市,百石町2丁目29-16
ねごろ神経内科クリニック,山口県,山口市,小郡下郷320-1
ノイエス　松山オフィス,愛媛県,松山市,一番町1-10-8
はまざきクリニック,鳥取県,米子市,安倍48-1
はまさきこどもクリニック,広島県,広島市,庚午中3-5-13
はるた呼吸器クリニック,広島県,広島市,境町1-3-10
ピーアイエー　ナカムラ病院,広島県,広島市,坪井3-818-1
ひかり会　木村眼科内科病院,広島県,呉市,宝町3-15
ひだかペインクリニック,広島県,広島市,八丁堀1-12マスキ八丁堀ビル6F
ひろしま脳神経内科クリニック,広島県,広島市,松原町5-1
ひろしま脳神経内科クリニック,広島県,広島市,松原町5－1
ひろせ整形外科リハビリテーションＣＬ,高知県,土佐市,蓮池1004-1
フジイ内科医院,山口県,宇部市,大字小串下条812
ふじい小児科,岡山県,倉敷市,中島2244-1
ふじかわ心療内科クリニック,広島県,廿日市市,下平良1丁目3－36
ふじつ眼科,山口県,宇部市,小串91-20
ふじむら小児科,山口県,周南市,久米東神女3201-1
ふたば病院,広島県,呉市,広白石4-7-22
ふないり脳クリニック,広島県,広島市,舟入幸町4-2
へいわこどもクリニック,香川県,高松市,栗林町1-4-11
ほう皮フ科クリニック,岡山県,倉敷市,浜ノ茶屋３１２−９
ほう皮フ科クリニック,岡山県,倉敷市,浜の茶屋３１２－９
まえば小児科クリニック,山口県,山口市,小郡下郷797-8
まつだ内科医院,鳥取県,鳥取市,叶284-1
マツダ株式会社　マツダ病院,広島県,安芸郡,青崎南2-15
マツダ病院,広島県,安芸郡,青崎南2-15
まんたに心療内科クリニック,広島県,広島市,五日市駅前1－5－18グラシアビル302
みい眼科,山口県,岩国市,中津町１丁目20-28
みかんの花クリニック糖尿病・内分泌・代謝,愛媛県,松山市,藤原町617-13
みかんの花クリニック糖尿病・内分泌・代謝内科,愛媛県,松山市,藤原町617-13
みぞて眼科,広島県,安芸郡,西浜4-22-4
みつふじ小児科,広島県,福山市,川口町2-22-11
みなもと眼科,広島県,広島市,東本浦町17-12
ミネルヴァクリニック　ソフィア,岡山県,倉敷市,阿知3−3−1大橋ビル
ミネルヴァクリニックソフィア,岡山県,倉敷市,昭和2-2-44
むかいだ小児科,愛媛県,伊予郡松前町,惠久美792-1
むくした耳鼻咽喉科,香川県,綾歌郡,あやがわ町はただ3322
むらかみこどもクリニック,山口県,宇部市,東須恵1977-11
むらき小児科,広島県,広島市,庚午北2-22-4
もみのき病院,高知県,高知市,塚ノ原6番地1
ももたろうクリニック,岡山県,岡山市,南区妹尾3387-1
もりもとこどもクリニック,香川県,丸亀市,土器町東4-713-5
もりや小児科クリニック,広島県,呉市,広古新開7-23-9
もり小児科,広島県,広島市,翠雄2-27-30
やまぐちメンタルクリニック,徳島県,徳島市,寺島本町東3-5-1 プライム5F
やまだリウマチクリニック,愛媛県,松山市,樽味4丁目3-33
ヤマナ会東広島記念病院リウマチ・膠原病Ｃ,広島県,東広島市,西条町吉行 2214
よこがわ駅前クリニック,広島県,広島市,横川町2-7-19
よこやま腎泌尿器科クリニック,岡山県,岡山市,北区今2-7-1
よしだレディースクリニック内科・小児科,広島県,福山市,新涯町3-19-36
よしなが神経内科クリニック,広島県,広島市,紙屋町２丁目２−２５ 大野ビル 3F
よしみつこどもクリニック,広島県,広島市,大町東１丁目８−２５ カサグランデⅠ 3F
よつば循環器クリニック,愛媛県,松山市,南江戸4-3-53
よつば循環器科クリニック,愛媛県,松山市,南江戸4-3-53
りつりん病院,香川県,高松市,栗林町3-5-9
リンクメディカルダイレクト,広島県,広島市,商工センター4-7-18
わたなべクリニック,鳥取県,鳥取市,南隈440
一番町リウマチクリニック,愛媛県,松山市,一番町１丁目10-8共同ビル２F
一陽会　一陽会クリニック,広島県,広島市,海老山町7番10号
一陽会　原田病院,広島県,広島市,海老山町7番10号
三原病院,広島県,三原市,中之町6丁目31-1
三和会　国吉病院,高知県,高知市,上町1－3－4
三好眼科,広島県,福山市,大国町2-39
三宅会　三宅会グッドライフ病院,広島県,福山市,東町1-1-18
三木耳鼻咽喉科医院,広島県,福山市,大黒町2-7
三次神経内科クリニック 花の里,広島県,三次市,十日市東4-3-10
三次神経内科クリニック花の里,広島県,三次市,十日市東4-3-10
三田尻病院,山口県,防府市,お茶屋3-27
三菱三原病院,広島県,三原市,糸崎3丁目3-1
三豊総合病院,香川県,観音寺市,豊浜町姫浜708
上田小児科・外科,愛媛県,宇和島市,広小路1-26
上田小児科医院,愛媛県,松山市,居相4-22-1
下田神経内科クリニック,鳥取県,鳥取市,大工町頭33
下関市立市民病院,山口県,下関市,向洋町1丁目13番1号
中国中央病院,広島県,福山市,御幸町上岩成148-13
中国労災病院,広島県,呉市,広多賀谷1-5-1
中央内科クリニック,広島県,呉市,広駅前１−４−58
中山産婦人科小児科,徳島県,板野郡,藍住町東中富字長江傍示5-6
中島こどもクリニック,島根県,益田市,高津2-32-10
中島内科小児科医院,岡山県,岡山市,円山81-7
中島土谷クリニック,広島県,広島市,中島町６－１
中村小児科,岡山県,岡山市,中区原尾島1-3-15
中谷整形外科,広島県,広島市,愛宕町9-17
中谷病院,兵庫県,姫路市,飾磨区細江2501
久会　図南病院,高知県,高知市,知寄町1-5-15
亀井クリニック,高知県,高知市,札場18-22
亀井内科呼吸器科医院,香川県,高松市,太田下町3007-4
亀井小児科,愛媛県,大洲市,東大洲17
五月会　須崎くろしお病院,高知県,須崎市,緑町4-30
井上胃腸科外科医院,岡山県,倉敷市,連島中央5-7-18
井原市立　井原市民病院,岡山県,井原市,井原町1186
井門ゆかり脳神経内科クリニック,広島県,広島市,牛田本町6-1-27-5F
仁厚会　医療福祉センター　倉吉病院,鳥取県,倉吉市,山根43-1
仁厚会　医療福祉センター倉吉病院,鳥取県,倉吉市,山根43-1
仁栄会　島津病院,高知県,高知市,比島町4-6-22
仁生会　細木ユニティ病院,高知県,高知市,西町１００
仁風会　倉敷仁風ホスピタル,岡山県,倉敷市,中島2340-23
今村皮膚科形成外科,山口県,宇部市,松山町1-8-22
今治病院,愛媛県,今治市,喜田村7-1-6
以和貴会　いわき病院,香川県,高松市,香南町由佐113-1
伊月病院,徳島県,徳島市,徳島町2-54
伸寿会　高須クリニック,広島県,福山市,南蔵王町１丁目７番１４号
住友医院,徳島県,徳島市,通町2-17
佐藤循環器科内科,愛媛県,松山市,朝生田町4丁目10-25
倉敷中央病院,岡山県,倉敷市,美和1丁目1番1号
倉敷仁風ホスピタル,岡山県,倉敷市,中島2340-23
倉敷市立児島市民病院,岡山県,倉敷市,児島駅前2丁目39
倉敷平成病院,岡山県,倉敷市,老松町４丁目３－３８
倉敷廣済病院,岡山県,倉敷市,東塚5-4-16
倉敷成人病クリニック,岡山県,倉敷市,白楽町250-１
倉敷成人病センター,岡山県,倉敷市,白楽町250-１
健生会　いのうえ内科医院,山口県,山陽小野田市,須恵一丁目4番10号
優輝整形リハビリステーション,広島県,福山市,神辺町大字川南105-1
元湧会　吉井病院,高知県,四万十市,中村大橋通6丁目7-5
光臨会　荒木脳神経外科病院,広島県,広島市,広島県広島市西区庚午北2-8-7
児島市民病院,岡山県,倉敷市,児島駅前2丁目39番地
全仁会　倉敷平成病院,岡山県,倉敷市,老松町４丁目３－３８
八木小児科医院,広島県,福山市,今津町5-1-31
八王寺内科クリニック,岡山県,倉敷市,八王子町174-7
八王寺内科クリニック,岡山県,倉敷市,八王寺町174-7
公仁会　槇殿順記念病院,広島県,広島市,横川新町8-21
公立　三次中央病院,広島県,三次市,東酒屋町531
公立下蒲刈病院,広島県,呉市,下蒲刈町下島２１２０−４
公立世羅中央病院,広島県,世羅郡,世羅町大字本郷918-3
公立学校共済組合　中国中央病院,広島県,福山市,御幸町上岩成148-13
創和会　しげい病院,岡山県,倉敷市,幸町２−３０
創和会　しげい病院,岡山県,倉敷市,幸町2-30
創和会　重井医学研究所附属病院,岡山県,岡山市,南区山田2117
労働者健康安全機構　中国労災病院,広島県,呉市,広多賀谷１－５－１
労働者健康安全機構　山口労災病院,山口県,山陽小野田市,大字小野田1315-4
労働者健康安全機構　山陰労災病院,鳥取県,米子市,皆生新田1-8-1
労働者健康安全機構　岡山労災病院,岡山県,岡山市,南区築港緑町1-10- 25
労働者健康安全機構　愛媛労災病院,愛媛県,新居浜市,南小松原町13-27
労働者健康安全機構　香川労災病院,香川県,丸亀市,城東町3-3-1
労働者健康福祉機構　中国労災病院,広島県,呉市,広多賀谷1-5-1
労働者健康福祉機構　山口労災病院,山口県,山陽小野田市,大字小野田1315-4
労働者健康福祉機構　山陰労災病院,鳥取県,米子市,皆生新田1-8-1
労働者健康福祉機構　岡山労災病院,岡山県,岡山市,南区築港緑町1-10- 25
労働者健康福祉機構　愛媛労災病院,愛媛県,新居浜市,南小松原町13-27
労働者健康福祉機構　香川労災病院,香川県,丸亀市,城東町3-3-1
医療法人　翠清会　梶川病院,広島県,広島市,昭和町8-20
医療法人　藤田眼科,徳島県,徳島市,佐古六番町6-27
医療法人三世　三世ペインクリニック,愛媛県,松山市,桑原1丁目4-45号
医療法人川島会　川島病院　泌尿器科,徳島県,徳島市,北佐古一番町1-39
医療法人社団清和会　笠岡第一病院,岡山県,笠岡市,横島19
医療法人財団博仁会キナシ大林病院泌尿器科,香川県,高松市,鬼無町藤井435－1
十全会  心臓病センター  榊原病院,岡山県,岡山市,北区中井町2-5-1
千寿会　道後温泉病院,愛媛県,松山市,道後姫塚乙21-21
南岡山医療センター,岡山県,都窪郡,早島町大字早島4066
南徳島クリニック,徳島県,小松島市,中田町字狭間47番地
博仁会  キナシ大林病院,香川県,高松市,鬼無町藤井435－1
厚生年金高知リハビリテーション病院,高知県,高知市,神田317-12
双藤会　産科・婦人科　藤東クリニック,広島県,安芸郡,茂陰1-1-1
向洋こどもクリニック,広島県,安芸郡,府中町青崎中24-26
向洋駅前心療クリニック,広島県,安芸郡,青崎中24-26
呉共済病院,広島県,呉市,西中央2-3-28
呉共済病院　泌尿器科,広島県,呉市,西中央2丁目3-28
呉医療センター,広島県,呉市,青山町3番1号
呉医療センター・中国がんセンター,広島県,呉市,青山町3番1号
周南市立　新南陽市民病院,山口県,周南市,宮の前2-3-15
周東総合病院,山口県,柳井市,古開作1000番地1
和香会 倉敷スイートホスピタル,岡山県,倉敷市,中庄３５４２−１
四国がんセンター,愛媛県,松山市,南梅本町甲160
四国こどもとおとなの医療センター,香川県,善通寺市,仙遊町2丁目1-1
四国動物医療センター,香川県,木田郡,三木町池戸3308-5
国家公務員共済組合連合会　呉共済病院,広島県,呉市,西中央2丁目3-28
国家公務員共済組合連合会　高松病院,香川県,高松市,天神前４－１８
国立　呉医療センター・中国がんセンター,広島県,呉市,青山町3番1号
国立大学法人山口大学医学部附属病院,山口県,宇部市,南小串1-1-1
国立大学法人島根大学医学部附属病院,島根県,出雲市,塩冶町89-1
国立大学法人高知大学医学部附属病院,高知県,南国市,岡豊町小蓮185－1
国立大学法人鳥取大学医学部附属病院,鳥取県,米子市,西町36－1
国立病院機構　南岡山医療センター,岡山県,都窪郡,早島町大字早島４０６６
国立病院機構　呉医療センター,広島県,呉市,青山町3-1
国立病院機構　四国がんセンター,愛媛県,松山市,南梅本町甲160
国立病院機構　山口宇部医療センター,山口県,宇部市,東岐波685番地
国立病院機構　岡山医療センター,岡山県,岡山市,北区田益1711-1
国立病院機構　岩国医療センター,山口県,岩国市,愛宕町1丁目1番1号
国立病院機構　広島西医療センター,広島県,大竹市,玖波4-1-1
国立病院機構　徳島病院,徳島県,吉野川市,鴨島町敷地1354
国立病院機構　愛媛医療センター,愛媛県,東温市,横河原366
国立病院機構　愛媛病院,愛媛県,東温市,横河原366番地
国立病院機構　東広島医療センター,広島県,東広島市,西条町寺家513番地
国立病院機構　浜田医療センター,島根県,浜田市,浅井町777-12
国立病院機構　福山医療センター,広島県,福山市,沖野上町4-14-17
国立病院機構　米子医療センター,鳥取県,米子市,車尾4-17-1
国立病院機構　賀茂精神医療センター,広島県,東広島市,黒瀬町南方92
国立病院機構　関門医療センター,山口県,下関市,長府外浦町1-1
国立病院機構　高松東病院,香川県,高松市,新田町乙８
国立病院機構　高知病院,高知県,高知市,朝倉西町1-2-25
国立病院機構　鳥取医療センター,鳥取県,鳥取市,三津876
土井内科　神経内科クリニック,広島県,広島市,紙屋町1-1-17
土井内科神経内科クリニック,広島県,広島市,紙屋町1-1-17
地域医療機能推進機構  玉造病院,島根県,松江市,玉湯町湯町1-2
地域医療機能推進機構　下関医療センター,山口県,下関市,上新地町3-3-8
地域医療機能推進機構　徳山中央病院,山口県,周南市,孝田町1番1号
地域医療機能推進機構　高知西病院,高知県,高知市,神田317-12
坂出市立病院,香川県,坂出市,寿町3-1-2
大原記念倉敷中央医療機構　倉敷中央病院,岡山県,倉敷市,美和1丁目1番1号
大塚製薬　（平野夷野）,徳島県,徳島市,川内町平石夷野224-18
大塚製薬　徳島,徳島県,徳島市,川内町加賀須野463－10
大塚製薬　徳島工場,徳島県,徳島市,川内町平石夷野224-18
大塚製薬（加賀須野）,徳島県,徳島市,加賀須野463-10
大慈会　三原病院,広島県,三原市,中之町6丁目31-1
大明会  宮里クリニック,山口県,周南市,大内町9番16号 みやさとビル1階
大明会　宮里クリニック,山口県,周南市,大内町9番16号 みやさとビル1階
大月病院,高知県,幡多郡,鉾士603
大本内科医院,広島県,広島市,上安2-4-36
大本眼科医院,岡山県,岡山市,中区浜2-8-19
大槻製薬　製剤研究所　CTM北島製造管理課,徳島県,板野郡,北島町高房字居内1-1
大樹会　総合病院　回生病院,香川県,坂出市,室町3丁目5-28
大櫛耳鼻咽喉科はな・みみサージクリニック,徳島県,徳島市,寺島本町東2-19
大田記念病院,広島県,福山市,沖野上町3-6-28
大野はぐくみクリニック,岡山県,岡山市,奉還町1丁目2-11
大鵬薬品　徳島研究センター,徳島県,徳島市,川内町平石夷野２２４−２
大鵬薬品　製剤研究所　CTM北島製造管理課,徳島県,板野郡,北島町高房字居内1-1
大鵬薬品工業株式会社,徳島県,板野郡,北島町高房字居内1-1
大鵬薬品工業株式会社　品質評価研究所,徳島県,徳島市,川内町平石夷野２２４−２
天神川なかむら内科,広島県,安芸郡,大須1-17-22
天馬会　チクバ外科胃腸科肛門科病院,岡山県,倉敷市,林2217
奥谷内科医院,香川県,観音寺市,瀬戸町4-1-70
如水会　オリーブ高松メディカルクリニック,香川県,高松市,観光町649-8
姫路循環器病センター,兵庫県,姫路市,西庄甲520
宇品メンタルクリニック,広島県,広島市,宇品西3-1-45-4
宇多津浜クリニック,香川県,綾歌郡,宇多津町浜５番丁６６－１
宇部興産中央病院,山口県,宇部市,大字西岐波750
宇部興産株式会社　中央病院,山口県,宇部市,大字西岐波750
宇野耳鼻咽喉科クリニック,岡山県,岡山市,富原3702-4
守屋おさむクリニック,岡山県,倉敷市,玉島乙島932-43
安佐市民病院,広島県,広島市,亀山南1-2-1
安東内科クリニック,広島県,廿日市市,対厳山2-15-9
宝樹会小豆島病院,香川県,小豆郡,小豆島町池田2519-4
宮崎内科,香川県,観音寺市,観音寺町3393
宮里クリニック,山口県,周南市,大内町9番16号 みやさとビル1階
小池やすはら小児クリニック,広島県,福山市,光南町1-5-23
小泉小児科,愛媛県,伊予郡,砥部町拾町281-2
小渦会　医療保護施設　鳴門シーガル病院,徳島県,鳴門市,瀬戸町堂浦字阿波井57
小田ひ尿器科,愛媛県,松山市,枝松6-12-10
小田病院,岡山県,井原市,井原町582
小豆島病院,香川県,小豆郡,小豆島町池田2519-4
小郡第一総合病院,山口県,山口市,小郡下郷862番地3
尚腎会　高知高須病院,高知県,高知市,大津乙2705-1
尾道市立市民病院,広島県,尾道市,新高山3丁目1170-177
尾道総合病院,広島県,尾道市,平原1-10-23
屋島総合病院,香川県,高松市,屋島西町１８５７−１
山口労災病院,山口県,山陽小野田市,大字小野田1315-4
山口大学医学部附属病院,山口県,宇部市,南小串1-1-1
山口大学医学部附属病院　消化器・腫瘍外科,山口県,宇部市,南小串1-1-1
山口大学病院　小児科,山口県,宇部市,南小串1-1-1
山口大学病院　泌尿器科,山口県,宇部市,南小串1-1-1
山口宇部医療センター,山口県,宇部市,東岐波685番地
山口県立こころの医療センター,山口県,宇部市,東岐波4004-2
山口県立総合医療センター,山口県,防府市,大崎77
山口赤十字病院,山口県,山口市,八幡馬場５３−１
山根病院,島根県,浜田市,熱田町１５１７−１
山田小児科,愛媛県,松山市,余戸中2-15-30
山陰労災病院,鳥取県,米子市,皆生新田1-8-1
岡山労災病院,岡山県,岡山市,南区築港緑町1丁目10番25号
岡山労災病院　 循環器内科,岡山県,岡山市,南区築港緑町1-10- 25
岡山医療センター,岡山県,岡山市,北区田益1711-1
岡山大学　医学部,岡山県,岡山市,北区鹿田町2-5-1
岡山大学病院,岡山県,岡山市,北区鹿田町2-5-1
岡山市立市民病院,岡山県,岡山市,北区天瀬6番10号
岡山市立市民病院,岡山県,岡山市,北区長瀬表町3-20-1
岡山市立総合医療センター岡山市立市民病院,岡山県,岡山市,北長瀬表町三丁目２０番１号
岡山旭東病院,岡山県,岡山市,中区倉田567-1
岡山済生会外来センター病院,岡山県,岡山市,北区伊福町1-17-18
岡山済生会総合病院,岡山県,岡山市,北区伊福町1-17-18
岡山済生会総合病院,岡山県,岡山市,国体町2-25
岡山済生会総合病院附属外来センター,岡山県,岡山市,北区伊福町1-17-18
岡山県健康づくり財団附属病院,岡山県,岡山市,平田408-1
岡山県精神科医療センター,岡山県,岡山市,鹿田本町3-16
岡山第一病院,岡山県,岡山市,中区高屋343
岡山精神科医療センター,岡山県,岡山市,北区鹿田本町3-16
岡山赤十字病院,岡山県,岡山市,北区青江二丁目1番1号
岡本眼科クリニック,愛媛県,松山市,大手町2-7-17
岡村会  岡村病院,高知県,高知市,入明町１−５
岡耳鼻咽喉科医院,岡山県,岡山市,浦安西町21-31
岩国医療センター,山口県,岩国市,愛宕町1丁目1番1号
岩城クリニック,徳島県,阿南市,学原町上水田11-1
岩本内科医院,香川県,善通寺市,弘田町496-1
島大,広島県,広島市,舟入幸町4-2
島根大学医学部付属病院,島根県,出雲市,塩冶町89-1
島根大学医学部附属病院,島根県,出雲市,塩冶町89-1
島根県立中央病院,島根県,出雲市,姫原４－１－１
島根県立中央病院,島根県,出雲市,姫原4-1-1
島津会  幡多病院,高知県,四万十市,右山天神町１０−１２
川上こどもクリニック,愛媛県,四国中央市,金生町山田井895-2
川口メディカルクリニック,岡山県,岡山市,北区大供2-2-16
川口医院,山口県,大島郡,周防大島町外入2228-20
川島会　川島病院,徳島県,徳島市,北佐古一番町1-39
川島会　川島透析クリニック,徳島県,徳島市,北佐古一番町6-1
川島病院,徳島県,徳島市,北佐古一番町1-39
川崎医科大学付属病院,岡山県,倉敷市,松島577
川崎医科大学総合医療センター,岡山県,岡山市,中山下2-6-1
川崎医科大学総合医療センター,岡山県,岡山市,北区中山下2-6-1
川崎医科大学附属川崎病院,岡山県,岡山市,中山下2-1-80
川崎医科大学附属川崎病院,岡山県,岡山市,北区中山下2-1-80
川崎医科大学附属病院,岡山県,倉敷市,松島577
川崎病院,岡山県,岡山市,北区中山下2-1-80
市立八幡浜総合病院,愛媛県,八幡浜市,大平1番耕地638番地
市立宇和島病院,愛媛県,宇和島市,御殿町1-1
平和大通り心療クリニック,広島県,広島市,中町8-6
平岡内科クリニック,広島県,広島市,横川町2丁目7-19
平野同仁会  総合病院　津山第一病院,岡山県,津山市,中島438番地
平野同仁会　総合病院　津山第一病院,岡山県,津山市,中島438番地
幸友会　岡本眼科クリニック,愛媛県,松山市,大手町2-7-17
幸季の会 やまだリウマチクリニック,愛媛県,松山市,樽味4丁目3-33
幸正会　岩本内科医院,香川県,善通寺市,弘田町８９９−１
広島HARTクリニック,広島県,広島市,大手町5-7-10
広島アレルギー呼吸器クリニック,広島県,広島市,光町1-9-28
広島アレルギー呼吸器クリニック八丁堀,広島県,広島市,八丁堀14-7
広島ステーションクリニック,広島県,広島市,若草町11-2　グランアークテラス3F
広島リウマチ・内科クリニック,広島県,広島市,鉄砲町10-13八丁堀藤久芳堂ビル3階
広島厚生連　吉田総合病院,広島県,安芸高田市,吉田町吉田3666
広島厚生連　廣島総合病院,広島県,廿日市市,地御前1-3-3
広島大学原爆放射線医科学研究所,広島県,広島市,霞1-2-3
広島大学大学院医歯薬学総合研究科,広島県,広島市,霞1-2-3
広島大学病院,広島県,広島市,霞1-2-3
広島市民病院,広島県,広島市,基町7-33
広島市立　安佐市民病院,広島県,広島市,可部南2-1-1
広島市立　広島市民病院,広島県,広島市,基町7-33
広島市立北部医療センター安佐市民病院,広島県,広島市,亀山南1-2-1
広島市立広島市民病院,広島県,広島市,基町7-33
広島市立病院機構　広島市立広島市民病院,広島県,広島市,基町7-33
広島市立舟入病院,広島県,広島市,舟入幸町14番11号
広島第一病院,広島県,広島市,戸坂南2丁目9番15号
広島西医療センター,広島県,大竹市,玖波4-1-1
広島赤十字・原爆病院,広島県,広島市,千田町1-9-8
広島逓信病院,広島県,広島市,東白島町19-16
庄原赤十字病院,広島県,庄原市,西本町2-7-10
府中市民病院,広島県,府中市,鵜飼町555-3
廣島クリニック,広島県,広島市,東観音町20-16
廣島総合病院,広島県,廿日市市,地御前1-3-3
廣紀会  加藤整形外科,愛媛県,宇和島市,和霊元町4-2-8
弘雅会　亀井内科呼吸器科医院,香川県,高松市,太田下町３００７－４
徳島厚生連　阿南共栄病院,徳島県,阿南市,羽ノ浦町中庄
徳島大大学院ヘルスバイオサイエンス研究部,徳島県,徳島市,蔵元町3丁目18-15
徳島大学病院,徳島県,徳島市,市蔵本町２丁目50-1
徳島市民病院,徳島県,徳島市,北常三島町２丁目３４番地
徳島病院,徳島県,吉野川市,鴨島町敷地1354
徳島県立中央病院,徳島県,徳島市,蔵元町1丁目10-3
徳島研究センター,徳島県,徳島市,河内町平石夷野224-2
徳島赤十字ひのみね総合療育センター,徳島県,小松島市,中田町新開4-1
徳島赤十字病院,徳島県,小松島市,小松島町字利ノ口103番地
徳治会　田中医院,徳島県,名西郡,石井町浦庄字下浦689-1
徹慈会　堀病院,広島県,福山市,沖野上町3-4-13
心臓病センター榊原病院,岡山県,岡山市,北区中井町2-5-1
応用酵素医学研究所,徳島県,徳島市,東沖州2-1-7
愛人会　河村内科消化器クリニック,広島県,広島市,大手町1丁目4番11号
愛和会　あさひクリニック,香川県,高松市,観光町538-2
愛媛医療センター,愛媛県,東温市,横河原366
愛媛大学医学部附属病院,愛媛県,東温市,志津川
愛媛大学医学部附属病院　消化器外科,愛媛県,東温市,志津川
愛媛県立中央病院,愛媛県,松山市,春日町83
愛媛県立今治病院,愛媛県,今治市,石井町4-5-5
愛育小児科,徳島県,徳島市,国府町桜間字登々路8-1
慈圭会　慈圭病院,岡山県,岡山市,南区浦安本町100番の2地
戸田内科・リハビリテーション科,兵庫県,明石市,魚住町錦が丘4-5-1
操風会　岡山リハビリテーション病院,岡山県,岡山市,中区倉田503-1
操風会　岡山旭東病院,岡山県,岡山市,倉田567-1
敬愛会　南海病院,徳島県,鳴門市,鳴門町土佐泊浦字高砂5
新日本科学　薬物代謝分析センター(坂出）,香川県,坂出市,寿町3-1-2
新松田会　愛宕病院,高知県,高知市,愛宕町１丁目1-13
新生会　いしい記念病院,山口県,岩国市,多田3丁目102-1
新田小児科,広島県,広島市,横川町3-9-14
新開山本クリニック,鳥取県,米子市,上福原7-2-17
日本鋼管福山病院,広島県,福山市,大門町津之下1844
早川クリニック,広島県,呉市,広大広2-7-4
旭川荘南愛媛病院,愛媛県,北宇和郡,鬼北町永野市1607
明和会　たまき青空病院,徳島県,徳島市,国府町早淵字北カシヤ５６－１
明圭会まなべ眼科クリニック,香川県,高松市,番町３丁目２０−２
明清会　山田記念病院,広島県,三原市,宮浦６丁目２番１号
昭和病院,山口県,下関市,汐入町35-1
時任整形外科リウマチ科,山口県,下関市,長府南之町5-6
曙会　シムラ病院,広島県,広島市,舟入町3-13
更生会　村上記念病院,愛媛県,西条市,大町739
更生会　草津病院,広島県,広島市,草津梅が台10番1号
朋和会　西広島リハビリテーション病院,広島県,広島市,三宅６丁目２６５
木原こどもクリニック,広島県,三原市,円一町1丁目1番7号
木村眼科内科病院,広島県,呉市,宝町3-15
杢保小児科医院,香川県,丸亀市,飯山町川原972-1
東広島医療センター,広島県,東広島市,西条町寺家513番地
東広島記念病院,広島県,東広島市,西条町吉行2214番地
東条小児科医院,岡山県,玉野市,迫間2137-4
東部島根医療福祉センター,島根県,松江市,東生馬町15-1
松寿会 甲嶋内科,山口県,防府市,戎町２丁目5-30
松寿会　甲嶋内科,山口県,防府市,戎町２丁目5-30
松山市民病院,愛媛県,松山市,大手町2-6-5
松山赤十字病院,愛媛県,松山市,文京町1
松本小児科医院,兵庫県,加東市,社384-1
松本眼科,徳島県,阿波市,阿波町高垣50-2
松江医療センター,島根県,松江市,上乃木5丁目8-31
松江市立病院,島根県,松江市,乃白町32番地1
松江市立病院,島根県,松江市,乃白町32-1
松江赤十字病院,島根県,松江市,母衣町200
柳井医療センター,山口県,柳井市,伊保庄95
栄平会　平岡内科クリニック,広島県,広島市,横川町2丁目7-19
栗整形外科病院,愛媛県,四国中央市,中之庄町３９８−１
栗林病院,香川県,高松市,栗林町3-5-9
桑嶋クリニック,愛媛県,新居浜市,坂井町３丁目６−３
桜和会　ジョイ皮ふ科クリニック,山口県,山陽小野田市,中川6丁目4-1
梅の辻クリニック,高知県,高知市,梅の辻8-7
梅ノ辻クリニック,高知県,高知市,梅ノ辻8-7
梶尾会　福山泌尿器病院,広島県,福山市,沖野上町3丁目1-17
森内科,広島県,福山市,手城町2丁目8番4号
横田メンタルクリニック,広島県,広島市,若草町11-2
正信会　こたけもり整形外科医院,岡山県,岡山市,北区奉還町4-17-17
武岡皮膚科クリニック,香川県,丸亀市,原田町1638
武田会　高知鏡川病院,高知県,高知市,城山町270番地
水和会　水島中央病院,岡山県,倉敷市,水島青葉町4-5
永井整形外科医院,香川県,坂出市,川津町2730番地
永元会　はしもとじんクリニック,広島県,福山市,松永町３－７－３９－３
永瀬会　松山市民病院,愛媛県,松山市,大手町2-6-5
永頼会　松山市民病院,愛媛県,松山市,大手町2-6-5
沖本クリニック,広島県,呉市,久比185-4
河村小児科,広島県,廿日市市,上平良358-1
治久会　もみのき病院,高知県,高知市,塚ﾉ原6-1
泉原病院,山口県,周南市,泉原町10-1
津山慈風会　津山中央病院,岡山県,津山市,川崎１７５６
浜田医療センター,島根県,浜田市,浅井町777番地12
浩寿会　中村皮フ科クリニック,愛媛県,大洲市,新谷町甲96番
海里マリン病院,高知県,高知市,仁井田1617-5
清仁会　宇多津病院,香川県,綾歌郡,宇多津町浜５番丁６６－１
清和会　垣田病院,鳥取県,倉吉市,上井３０２−１
済生会　下関総合病院,山口県,下関市,安岡町8-5-1
済生会　今治病院,愛媛県,今治市,喜田村7-1-6
済生会　松山病院,愛媛県,松山市,山西町880-2
済生会下関病院　小児科,山口県,下関市,安岡町8-5-1
済生会下関病院　泌尿器科,山口県,下関市,安岡町8-5-1
済生会今治病院,愛媛県,今治市,喜田村7-1-6
済生会松山病院,愛媛県,松山市,山西町880-2
済生会西条病院,愛媛県,西条市,朔日市269-1
渚クリニック,徳島県,小松島市,前原町字東19-3
片山内科クリニック,岡山県,倉敷市,寿町1-26
猿田皮膚科診療所,高知県,高知市,升形4-25
玉造厚生年金病院,島根県,松江市,玉湯町湯町1-2
生協小児科ひろしま,広島県,広島市,観音町16-19
田中医院,徳島県,名西郡,浦庄字下浦689-1
田窪リウマチ・整形外科,愛媛県,松山市,枝松1-9-38
町田病院,高知県,高知市,旭町1-104
異国,愛媛県,東温市,志津川
異国ガン,広島県,広島市,基町7-33
百子会　やまな病院,岡山県,倉敷市,児島下の町10－2－12
益田赤十字病院,島根県,益田市,乙吉町イ103-1
直島町立ふれあい診療所,香川県,香川郡,直島町2310−1
直島町立診療所,香川県,香川郡,直島町2310番地1
県立二葉の里病院,広島県,広島市,二葉の里3-1-36
県立広島病院,広島県,広島市,宇品神田一丁目5番54号
県立新居浜病院,愛媛県,新居浜市,本郷３丁目１－１
真光会　真光園,愛媛県,松山市,南高井町１４９１
眼科康誠会　井上眼科,岡山県,玉野市,宇野１－１４－３１
睦み会　城西病院,徳島県,徳島市,南矢三町3丁目11-23
矢掛町国民健康保険病院,岡山県,小田郡,矢掛２６９５
石丸眼科,高知県,高知市,本町2丁目5-20
石岡内科クリニック,広島県,広島市,紙屋町2-2-6 紙屋町イワミビル5F
石田医院,鳥取県,鳥取市,青谷町青谷4032-19
社会保険  下関厚生病院,山口県,下関市,上新地町3-3-8
社会保険栗林病院,香川県,高松市,栗林町3-5-9
社会医療法人社団更生会　村上記念病院,愛媛県,西条市,大町739
祇園すやま眼科クリニック,広島県,広島市,山本3-1-10
神田小児科医院,山口県,下関市,府中土居本町2-21
祥和会　脳神経センター大田記念病院,広島県,福山市,沖野上町三丁目6-28
福山医療センター,広島県,福山市,沖野上町4-14-17
福山友愛病院,広島県,福山市,水呑町302-2
福山市民病院,広島県,福山市,蔵王町5-23-1
福山循環器病院　循環器内科,広島県,福山市,緑町2番39号
福徳永会　さいきじんクリニック,広島県,福山市,瀬戸町山北450-1
積善会　十全総合病院,愛媛県,新居浜市,北新町1番5号
積善会附属　十全総合病院,愛媛県,新居浜市,北新町1番5号
竜操整形外科病院,岡山県,岡山市,中区藤原２１−１
竹下会　竹下病院,高知県,高知市,本町2丁目4-3
竹下病院,高知県,高知市,本町2丁目4-3
竹政会　セントラル病院,広島県,福山市,住吉町7-3
笠岡市立市民病院,岡山県,笠岡市,笠岡５６２８−１
米子医療センター,鳥取県,米子市,車尾4-17-1
細木小児科,広島県,福山市,港町2-11-1
細木病院,高知県,高知市,大膳町37
綜合病院　社会保険　徳山中央病院,山口県,周南市,孝田町1番1号
綾こどもクリニック,香川県,高松市,国分寺町福家甲3174-4
総合病院  松江赤十字病院,島根県,松江市,母衣町200
総合病院　三原赤十字病院,広島県,三原市,東町２丁目７番１号
総合病院 回生病院,香川県,坂出市,室町3丁目5-28
総合病院　坂出市立病院,香川県,坂出市,文京町1-6-43
総合病院　岡山市立市民病院,岡山県,岡山市,北区天瀬6番10号
総合病院　岡山赤十字病院,岡山県,岡山市,北区青江2丁目1番1号
総合病院 松江赤十字病院,島根県,松江市,母衣町２００
総合病院　水島協同病院,岡山県,倉敷市,水島南春日町１−１
総合病院回生病院,香川県,坂出市,室町3丁目5-28
緑風会　海里マリン病院,高知県,高知市,仁井田1617-5
美甘会　勝山病院,岡山県,真庭市,本郷１８１９
翠こども・耳鼻咽喉科クリニック,広島県,広島市,翠５丁目１７番２３号－２Ｆ
翠松会　岩城クリニック,徳島県,阿南市,学原町上水田11-1
耳鼻咽喉科くにもと医院,広島県,広島市,沼田町伴中大原５７６９－７
耳鼻咽喉科ののはなクリニック,山口県,山口市,大内矢田北六丁目１９－１７
聖光会　鷹の子病院,愛媛県,松山市,鷹子町525-1
聖比留会　セントヒル病院,山口県,宇部市,今村北3-7-18
脳神経センター大田記念病院,広島県,福山市,沖野上町3-6-28
脳神経センター大田記念病院,広島県,福山市,沖野上町三丁目6-28
興生総合病院,広島県,三原市,円一町2-5-1
興花会　堀病院,広島県,福山市,沖野上町3-4-13
草津眼科クリニック,広島県,広島市,草津東2丁目16-8
蒼生会　楠本病院,広島県,福山市,曙町3-19-18
藤井病院,徳島県,阿南市,見能林町築溜１−１
藤田眼科,徳島県,徳島市,佐古六番町6-27
街の診療所　ふじた医院,岡山県,倉敷市,福島674－1
西日本電信電話株式会社　高松診療所,香川県,高松市,観光町649-8
西本整形外科,愛媛県,東温市,田窪３０３−１
豊仁会　まな星クリニック,岡山県,岡山市,北区伊島町2丁目1-32
財団法人淳風会　倉敷第一病院,岡山県,倉敷市,老松町５－３－１０
財団法人淳風会　倉敷第一病院,香川県,倉敷市,老松町５－３－１０
輔仁会　太田川病院,広島県,広島市,戸坂千足1丁目21番25号
辰川会　山陽腎クリニック,広島県,福山市,野上町1-7-8
近森会　近森リハビリテーション病院,高知県,高知市,大川筋1 丁目1-16
近森会　近森病院,高知県,高知市,大川筋1 丁目1-16
近藤こどもクリニック,山口県,山口市,幸町3-49-2
道後温泉病院,愛媛県,松山市,道後姫塚乙21-21
金藤内科小児科医院,島根県,安来市,赤江町1447-5
鈴木眼科,山口県,宇部市,今村北4-26-8
長瀬内科医院,岡山県,岡山市,北区厚生町2-6-20
長門総合病院,山口県,長門市,東深川85
関門医療センター,山口県,下関市,長府外浦町1-1
阪大微生物病研究会,香川県,観音寺市,瀬戸町4-1-70
阪大微生物病研究会　観音寺研究所,香川県,観音寺市,瀬戸町4-1-70
防府整形・リウマチクリニック,山口県,防府市,新田1丁目7-1
防府整形・リウマチクリニック,山口県,防府市,新田１丁目７−１
防治会　いずみの病院,高知県,高知市,薊野北町2-10-53
防治会　梅ノ辻クリニック,高知県,高知市,梅ノ辻8-7
陶朋会　平成記念病院,島根県,雲南市,三刀屋町三刀屋1294番地1
陽光会　光中央病院,山口県,光市,島田2丁目22番16号
青山こどもクリニック,岡山県,岡山市,北区田中625-8
青木脳神経外科・形成外科,高知県,高知市,高須新町1-6-26
須崎会　高陵病院,高知県,須崎市,横町1-28
須藤会　土佐病院,高知県,高知市,新本町2丁目10番24号
飯南病院,島根県,飯石郡,頓原2060
香川井下病院,香川県,観音寺市,大野原町花稲818-1
香川労災病院,香川県,丸亀市,城東町3-3-1
香川大学医学部附属病院,香川県,木田郡,三木町大字池戸１７５０－１
香川大学医学部附属病院　周産期科女性診療,香川県,木田郡,三木町池戸1750-1
香川大学医学部附属病院　小児科,香川県,木田郡,三木町大字池戸1750-1
香川小児病院,香川県,善通寺市,寺町2603
香川県厚生農業協同組合連合会屋島総合病院,香川県,高松市,屋島西町1857-1
香川県済生会病院,香川県,高松市,多肥上町1331-1
香川県立中央病院,香川県,高松市,朝日町一丁目２番１号
香川県立白鳥病院,香川県,東かがわ市,松原963番地
高杉クリニック,広島県,広島市,3-1-206
高杉外科整形外科医院,広島県,広島市,猿猴橋町6-32
高松市民病院,香川県,高松市,脇町2丁目36 番1号
高松市立みんなの病院,香川県,高松市,仏生山町甲847-1
高松画像診断クリニック,香川県,高松市,朝日町2-483-322
高松神経内科クリニック,香川県,高松市,紺屋町4-10 鹿島紺屋町ビル1F
高松診療所,香川県,高松市,観光町649-8
高松赤十字病院,香川県,高松市,番町4-1-3
高梁整形外科医院,岡山県,高梁市,本町１１−１
高田会　高知記念病院,高知県,高知市,城見町4-13
高畠小児科・アレルギー科医院,香川県,高松市,木太町1813-1
高知医療センター,高知県,高知市,池2125-1
高知大学医学部　小児思春期医学講座,高知県,南国市,岡豊町小蓮185－1
高知大学医学部附属病院,高知県,南国市,岡豊町小蓮185－1
高知大学医学部附属病院老年病科,高知県,南国市,岡豊町小蓮185－1
高知病院,高知県,高知市,朝倉西町1-2-25
高知県立あき総合病院,高知県,安芸市,宝永町３−３３
高知県立幡多けんみん病院,高知県,宿毛市,山奈町芳奈3番地1
高知赤十字病院,高知県,高知市,新本町2-13-51
高知高須病院,高知県,高知市,大津乙2705-1
高見徳風会　希望ヶ丘ホスピタル,岡山県,津山市,田町115
高須眼科,岡山県,岡山市,北区駅元町1-4
鳥取医療センター,鳥取県,鳥取市,三津876
鳥取大学医学部,鳥取県,米子市,西町８６番地
鳥取大学医学部,鳥取県,米子市,西町36－1
鳥取大学医学部付属病院,鳥取県,米子市,西町36－1
鳥取大学医学部附属病院,鳥取県,米子市,西町36番地１
鳥取市立病院,鳥取県,鳥取市,的場１丁目１
鳥取市立病院,鳥取県,鳥取市,的場1-1
鳥取生協病院,鳥取県,鳥取市,末広温泉町458
鳥取県立中央病院,鳥取県,鳥取市,江津７３０
鳥取県立厚生病院,鳥取県,倉吉市,東昭和町150
鳥取赤十字病院,鳥取県,鳥取市,尚徳町117
鳴子会　菜の花診療所,高知県,高知市,追手筋1-9-22 高知メディカルプラザ2F
鳴門シーガル病院,徳島県,鳴門市,瀬戸町堂浦字阿波井57
鷹の子病院,愛媛県,松山市,鷹子町525-1
鼻岡けいこ皮フ科クリニック,広島県,広島市,三川町7-1
齊和會　廣島クリニック,広島県,広島市,東観音町20-16